testing_network,generating_network,target_class,som_mode,predicted_class,filename,finishedSearch,epsilon
Dense4x20,Dense3x30,0,second_place_relative,0,Dense3x30_0_second_place_relative.png,True,0.7882783662039458
Dense4x20,Dense1x60,1,independent,3,Dense1x60_1_independent.png,True,0.0
Dense4x20,Dense1x35,1,mean_relative,3,Dense1x35_1_mean_relative.png,True,0.0
Dense4x20,Dense4x25,0,independent,0,Dense4x25_0_independent.png,True,6.790327497694897
Dense4x20,Dense1x20,0,second_place_relative,0,Dense1x20_0_second_place_relative.png,True,21.810632292326098
Dense1x70,Dense4x25,1,second_place_relative,6,Dense4x25_1_second_place_relative.png,True,0.0
Dense1x70,Dense1x30,3,second_place_relative,3,Dense1x30_3_second_place_relative.png,True,71.22457337610302
Dense1x70,Dense1x35,3,mean_relative,3,Dense1x35_3_mean_relative.png,True,55.053097490904364
Dense1x70,Dense1x25,1,second_place_relative,1,Dense1x25_1_second_place_relative.png,True,8.354450858714781
Dense1x70,Dense1x55,3,independent,3,Dense1x55_3_independent.png,True,63.32160775110881
Dense1x70,Dense1x60,1,second_place_relative,1,Dense1x60_1_second_place_relative.png,True,10.587026317519944
Dense1x70,Dense2x20,1,mean_relative,3,Dense2x20_1_mean_relative.png,True,0.0
Dense5x20,Dense2x25,3,mean_relative,3,Dense2x25_3_mean_relative.png,True,28.964748732153488
Dense5x20,Dense4x20,3,mean_relative,3,Dense4x20_3_mean_relative.png,True,30.389775010690002
Dense5x20,Dense1x35,3,second_place_relative,3,Dense1x35_3_second_place_relative.png,True,23.5063054716822
Dense5x20,Dense1x45,3,independent,3,Dense1x45_3_independent.png,True,36.98116199146405
Dense5x20,Dense1x70,3,independent,3,Dense1x70_3_independent.png,True,60.355009074430676
Dense5x20,Dense2x35,0,mean_relative,0,Dense2x35_0_mean_relative.png,True,38.0289402900828
Dense1x55,Dense2x20,3,mean_relative,3,Dense2x20_3_mean_relative.png,True,39.00810589993787
Dense1x55,Dense1x45,1,second_place_relative,1,Dense1x45_1_second_place_relative.png,True,10.478988094291056
Dense1x55,Dense3x15,0,independent,0,Dense3x15_0_independent.png,True,1.0730204211230845
Dense1x55,Dense3x20,3,second_place_relative,3,Dense3x20_3_second_place_relative.png,True,26.5467298761289
Dense3x25,Dense2x45,0,independent,0,Dense2x45_0_independent.png,True,12.485257068035004
Dense3x25,Dense1x35,1,mean_relative,5,Dense1x35_1_mean_relative.png,True,0.0
Dense3x25,Dense4x25,0,independent,5,Dense4x25_0_independent.png,True,0.0
Dense2x30,Dense1x25,3,independent,3,Dense1x25_3_independent.png,True,84.3222388136801
Dense2x30,Dense2x30,0,second_place_relative,0,Dense2x30_0_second_place_relative.png,True,35.170015973337414
Dense2x30,Dense1x45,3,independent,3,Dense1x45_3_independent.png,True,79.62515656682262
Dense2x30,Dense1x15,0,mean_relative,5,Dense1x15_0_mean_relative.png,True,0.0
Dense2x30,Dense2x45,1,second_place_relative,1,Dense2x45_1_second_place_relative.png,True,28.426167866868166
Dense2x30,Dense3x15,0,independent,5,Dense3x15_0_independent.png,True,0.0
Dense2x35,Dense3x15,1,second_place_relative,1,Dense3x15_1_second_place_relative.png,True,5.765812634804732
Dense2x35,Dense1x30,1,second_place_relative,1,Dense1x30_1_second_place_relative.png,True,14.562935522204079
Dense2x35,Dense3x15,3,independent,3,Dense3x15_3_independent.png,True,21.187807848262104
Dense2x35,Dense1x45,1,independent,1,Dense1x45_1_independent.png,True,7.080788054937953
Dense2x20,Dense1x25,1,mean_relative,1,Dense1x25_1_mean_relative.png,True,7.602584514498985
Dense2x20,Dense1x35,0,independent,0,Dense1x35_0_independent.png,True,20.0736658248449
Dense2x20,Dense5x20,1,second_place_relative,1,Dense5x20_1_second_place_relative.png,True,1.0609023653911485
Dense2x20,Dense1x60,1,independent,2,Dense1x60_1_independent.png,True,0.0
Dense1x45,Dense3x30,0,independent,0,Dense3x30_0_independent.png,True,5.7278958746713124
Dense1x45,Dense3x15,1,second_place_relative,1,Dense3x15_1_second_place_relative.png,True,1.9859886131078706
Dense1x45,Dense4x20,1,independent,2,Dense4x20_1_independent.png,True,0.0
Dense1x45,Dense1x15,0,mean_relative,5,Dense1x15_0_mean_relative.png,True,0.0
Dense1x35,Dense3x25,3,independent,3,Dense3x25_3_independent.png,True,60.8420335295949
Dense1x35,Dense3x15,1,mean_relative,1,Dense3x15_1_mean_relative.png,True,3.6248340758793827
Dense1x35,Dense2x30,3,mean_relative,3,Dense2x30_3_mean_relative.png,True,58.53822581488741
Dense1x35,Dense1x35,0,independent,0,Dense1x35_0_independent.png,True,28.278461298303487
Dense1x35,Dense2x40,3,mean_relative,3,Dense2x40_3_mean_relative.png,True,28.15288991088782
Dense1x35,Dense2x40,3,second_place_relative,3,Dense2x40_3_second_place_relative.png,True,52.862251151525335
Dense1x40,Dense1x35,0,independent,0,Dense1x35_0_independent.png,True,21.65878500236655
Dense1x40,Dense1x50,1,mean_relative,1,Dense1x50_1_mean_relative.png,True,1.2906067950654108
Dense1x40,Dense1x20,0,mean_relative,0,Dense1x20_0_mean_relative.png,True,1.559501910217033
Dense1x40,Dense5x20,0,independent,0,Dense5x20_0_independent.png,True,1.7377094020958443
Dense1x40,Dense3x15,0,second_place_relative,0,Dense3x15_0_second_place_relative.png,True,20.207467382528662
Dense2x25,Dense2x25,1,independent,1,Dense2x25_1_independent.png,True,26.041451525115786
Dense2x25,Dense2x40,0,second_place_relative,0,Dense2x40_0_second_place_relative.png,True,29.578317819875263
Dense2x25,Dense4x20,1,second_place_relative,3,Dense4x20_1_second_place_relative.png,True,0.0
Dense2x25,Dense1x55,3,mean_relative,3,Dense1x55_3_mean_relative.png,True,85.95205449429926
Dense4x25,Dense3x15,0,second_place_relative,0,Dense3x15_0_second_place_relative.png,True,9.068195198533774
Dense4x25,Dense2x30,0,mean_relative,0,Dense2x30_0_mean_relative.png,True,14.066089587850017
Dense4x25,Dense4x20,0,independent,0,Dense4x20_0_independent.png,True,20.639252751666366
Dense4x25,Dense1x45,0,independent,0,Dense1x45_0_independent.png,True,21.06566715118067
Dense4x25,Dense2x25,1,mean_relative,2,Dense2x25_1_mean_relative.png,True,0.0
Dense4x25,Dense1x30,3,independent,3,Dense1x30_3_independent.png,False,-1.0
Dense3x20,Dense1x15,0,mean_relative,0,Dense1x15_0_mean_relative.png,True,10.258280234035363
Dense3x20,Dense1x65,1,mean_relative,2,Dense1x65_1_mean_relative.png,True,0.0
Dense3x20,Dense2x40,1,mean_relative,1,Dense2x40_1_mean_relative.png,True,6.672660706363212
Dense3x20,Dense4x20,3,second_place_relative,3,Dense4x20_3_second_place_relative.png,True,63.26172751654057
Dense1x25,Dense1x40,3,mean_relative,3,Dense1x40_3_mean_relative.png,True,68.40182570028142
Dense1x30,Dense3x15,3,independent,3,Dense3x15_3_independent.png,True,12.212933711566185
Dense1x30,Dense1x50,3,second_place_relative,3,Dense1x50_3_second_place_relative.png,True,68.10894941930835
Dense1x30,Dense1x25,1,second_place_relative,1,Dense1x25_1_second_place_relative.png,True,4.488079035744028
Dense1x30,Dense1x60,1,independent,3,Dense1x60_1_independent.png,True,0.0
Dense1x30,Dense4x20,1,independent,2,Dense4x20_1_independent.png,True,0.0
Dense1x60,Dense1x25,3,second_place_relative,3,Dense1x25_3_second_place_relative.png,True,64.15853708101046
Dense1x60,Dense2x25,1,mean_relative,2,Dense2x25_1_mean_relative.png,True,0.0
Dense1x60,Dense4x20,3,second_place_relative,3,Dense4x20_3_second_place_relative.png,True,18.164882993076013
Dense1x60,Dense2x35,1,independent,1,Dense2x35_1_independent.png,True,11.132693929631287
Dense1x60,Dense1x20,3,independent,3,Dense1x20_3_independent.png,True,35.9451272229876
Dense3x15,Dense2x50,0,independent,0,Dense2x50_0_independent.png,True,14.315874490525891
Dense3x15,Dense2x35,0,second_place_relative,0,Dense2x35_0_second_place_relative.png,True,11.889547232937892
Dense3x15,Dense2x45,3,independent,3,Dense2x45_3_independent.png,True,66.52799569423904
Dense2x45,Dense1x35,3,second_place_relative,3,Dense1x35_3_second_place_relative.png,True,93.27472083866628
Dense2x45,Dense5x20,3,mean_relative,3,Dense5x20_3_mean_relative.png,True,40.40954526426442
Dense1x65,Dense3x30,1,mean_relative,3,Dense3x30_1_mean_relative.png,True,0.0
Dense1x65,Dense1x30,3,second_place_relative,3,Dense1x30_3_second_place_relative.png,True,72.64662092184999
Dense1x65,Dense1x15,1,mean_relative,2,Dense1x15_1_mean_relative.png,True,0.0
Dense1x65,Dense1x50,0,second_place_relative,0,Dense1x50_0_second_place_relative.png,True,29.90241670237841
Dense1x65,Dense1x50,1,second_place_relative,1,Dense1x50_1_second_place_relative.png,True,20.686483340016345
Dense3x30,Dense5x20,0,mean_relative,2,Dense5x20_0_mean_relative.png,True,0.0
Dense3x30,Dense1x45,1,second_place_relative,1,Dense1x45_1_second_place_relative.png,True,4.60893205110241
Dense3x30,Dense1x55,0,second_place_relative,0,Dense1x55_0_second_place_relative.png,True,23.610681919988345
Dense2x50,Dense2x30,0,second_place_relative,0,Dense2x30_0_second_place_relative.png,True,30.152942425991988
Dense1x50,Dense1x55,1,second_place_relative,1,Dense1x55_1_second_place_relative.png,True,12.526025735295086
Dense1x50,Dense2x25,3,independent,3,Dense2x25_3_independent.png,True,27.879872022898653
Dense2x40,Dense1x55,0,independent,0,Dense1x55_0_independent.png,True,17.602704048043865
Dense2x40,Dense1x60,1,independent,3,Dense1x60_1_independent.png,True,0.0
Dense2x40,Dense2x40,1,mean_relative,1,Dense2x40_1_mean_relative.png,True,20.46951463022407
Dense1x20,Dense1x25,0,second_place_relative,0,Dense1x25_0_second_place_relative.png,True,30.0932042298251
Dense1x15,Dense4x25,1,second_place_relative,6,Dense4x25_1_second_place_relative.png,True,0.0
